Segment,Market_Size_Score,Competition_Score,Satisfaction_Score,Overall_Opportunity,Priority_Level
Orang Tua & Anak,0.358848,8,9.474411859877067,5.944419953292356,Low
Penggemar Kuliner,0.10608900000000002,7,9.171715317833367,5.4259347726111224,Low
Kreator Fashion,0.089292,6,9.617331693069415,5.235541231023139,Low
