Segment,Current_Customers,Avg_Annual_Spend,Current_Revenue,TAM_Conservative,TAM_Growth_Potential,Growth_Multiplier,Confidence_Level
Orang Tua & Anak,1499,797.9719813208806,1196160.0,119616000.0,358848000.0,3.0,Very High
Kreator Fashion,330,1352.909090909091,446460.0,44646000.0,89292000.0,2.0,Medium-High
Penggemar Kuliner,993,427.3474320241692,424356.00000000006,42435600.00000001,106089000.00000001,2.5,High
